PRV,n,unw_rate,w_rate,pop_share
1,3636,0.2907040704070407,0.2763663829737032,0.002201820250806424
2,4590,0.44793028322440087,0.44288260727824846,0.003375262531007694
3,4355,0.30241102181400686,0.28048953712114005,0.00636690141251405
4,3914,0.2692897291773122,0.26083393676904,0.00541242917257988
5,4352,0.2465533088235294,0.23931201855753506,0.01234970592056988
6,4052,0.26678183613030604,0.26237604286755856,0.005293831890588589
7,4622,0.47987884032886197,0.4786059373277282,0.0035195312863615233
8,4063,0.22741816391828698,0.22231893322031301,0.007901607629358525
9,1636,0.27383863080684595,0.26316192503763336,0.00015117301372310812
10,4309,0.1940125319099559,0.18747766582719816,0.029783154321249426
11,3639,0.12503435009618027,0.12136508212270083,0.004705936590590979
12,4112,0.2178988326848249,0.20755531489262283,0.011748660696090272
13,4255,0.3074030552291422,0.2996008514653152,0.013924281429446708
14,4472,0.2844364937388193,0.2792750765785959,0.034886237305786036
15,4321,0.34806757694978013,0.34239044227716636,0.011522983516498725
16,4358,0.3744837081229922,0.36269375401032544,0.005487062735031764
17,4414,0.37426370638876305,0.3573562352342444,0.017832945153507442
18,2069,0.277428709521508,0.27133331854988435,0.0008070991861982321
19,3936,0.3010670731707317,0.29106490661166845,0.007389336894845291
20,4478,0.3249218401071907,0.3156678633490757,0.0023186058418459485
21,3884,0.22167868177136973,0.225519690574993,0.04139767661441182
22,4541,0.36423695221316893,0.36879731854127173,0.030924576626736686
23,4235,0.31074380165289256,0.3097471556354504,0.009459877711343632
24,4001,0.3399150212446888,0.3541465181950857,0.006157267100026295
25,4283,0.33387812281111373,0.32362124610973203,0.005313207872421972
26,4135,0.4067714631197098,0.3970662271480324,0.004469321300724513
27,3827,0.27149203031094854,0.2529463572451388,0.001849240062520189
28,4097,0.370270929948743,0.3615685154025719,0.005570919624813926
29,4163,0.357914965169349,0.3574131450542743,0.006480675304848294
30,4053,0.3165556377991611,0.3161547668131526,0.01858173325316209
31,4080,0.2911764705882353,0.2763823263723966,0.01528267410015156
32,4072,0.3224459724950884,0.31014259244703385,0.001925097158699811
33,4330,0.2838337182448037,0.2849797299856247,0.007577050131823575
34,3839,0.27637405574368323,0.27834408276239897,0.0319822568560119
35,4683,0.44757633995302154,0.43503118015417686,0.006792747935775002
36,5886,0.41403329935440025,0.4122806028913311,0.01036496294015179
37,3874,0.3275684047496128,0.32090267452422466,0.016865374343695443
40,4152,0.27528901734104044,0.2685878934872833,0.002022612576034131
41,3818,0.41723415400733366,0.39540410233846873,0.008026592875971166
42,4251,0.29451893672077156,0.290672194915294,0.005530544157707421
43,4308,0.34958217270194986,0.34727435496454456,0.0086279751217828
44,3349,0.2947148402508211,0.2719698030206293,0.0013521338009159685
45,4056,0.4124753451676529,0.4061550761573315,0.022440523965240357
46,4112,0.29912451361867703,0.29336738252217154,0.012429704061848587
47,4030,0.34937965260545906,0.3368034475140979,0.012087546951436615
48,4659,0.5035415325177076,0.4818562050685223,0.005725245450644398
49,4340,0.2794930875576037,0.2707847405513954,0.022554895875425363
50,3711,0.34734572891403936,0.3319008821276545,0.004365017799627671
51,4332,0.3171745152354571,0.3116802555529153,0.00445449814291686
52,4165,0.3126050420168067,0.30362918037397696,0.007875902202544933
53,3927,0.3575248281130634,0.35516553146665764,0.008201003409070507
54,4779,0.25214480016739904,0.25039468897795253,0.022263199536774622
55,4512,0.3792109929078014,0.3765263614166654,0.02735570378481046
56,4026,0.2948335817188276,0.28284437483869734,0.017669700171703603
57,3753,0.2819078070876632,0.2697538769993752,0.0017442307098737867
58,4630,0.18228941684665226,0.17875938723391532,0.030712850768505575
59,4057,0.18634458959822528,0.18067697747150632,0.0025151307449877603
60,4475,0.4864804469273743,0.4605717088361619,0.007074720497680019
61,2064,0.2005813953488372,0.20031490921243644,0.0008794034213300657
62,4318,0.33904585456229736,0.32375991387359637,0.0072798687181910215
63,4224,0.22395833333333334,0.22567459017250607,0.0092941494503562
64,3873,0.3823909114381616,0.3693993181479461,0.003929357209329587
65,4143,0.4344677769732078,0.43511816190841485,0.007751352094519082
66,4289,0.23338773606901375,0.22815236453011617,0.008374255542395044
67,4435,0.4354002254791432,0.42856108259924575,0.004843301000111059
68,4370,0.43455377574370707,0.41916593943009617,0.005405429353025146
69,4304,0.27764869888475835,0.27399303232430633,0.013607018341675334
70,4693,0.6705731941189005,0.6639206459648417,0.0036382109531073624
71,4014,0.3597409068261086,0.36070845619108877,0.006080144361615434
72,4092,0.43010752688172044,0.4137009142107053,0.009269988004187994
73,4098,0.49487554904831627,0.4894721875119781,0.00921364989394672
77,4171,0.3454807000719252,0.3340680657572277,0.002043941485492663
78,4347,0.3409247757073844,0.3331285044867326,0.0015516703899281772
79,1830,0.2715846994535519,0.2700990402374221,0.0016795851082927627
80,4093,0.4778890789152211,0.4784001110181231,0.005294973000751255
81,2164,0.13955637707948243,0.13186900005610697,0.0010910691615924721
82,4100,0.35024390243902437,0.34118643389494285,0.006958405658164743
83,4276,0.40551917680074834,0.40020655987099474,0.006083696210534957
85,1980,0.4297979797979798,0.4265510035615763,0.0011236331316182068
86,3771,0.5295677539114293,0.533919541377317,0.0030713768337616233
87,7881,0.22636721228270523,0.24213410579219727,0.00843970586599811
88,4545,0.2748074807480748,0.2749861292139538,0.006736629345379457
301,4897,0.2268735960792322,0.2208027922188425,0.00537748581738321
302,4503,0.229180546302465,0.223128926442663,0.005654833171443945
303,3489,0.10232158211521926,0.10208153805166442,0.0033065037267800378
304,4959,0.2732405726961081,0.2696263701085719,0.0032416685028579177
305,4777,0.15469960226083315,0.15622957795807735,0.007018796384013262
306,4304,0.34433085501858735,0.34060868268877637,0.008607132150201459
307,4321,0.3084934043045591,0.3035590496432469,0.017927981951255254
308,4428,0.29652213188798554,0.29035932743665643,0.006001759711126854
309,4006,0.23364952571143285,0.2264757675375568,0.0031697889566209047
310,4655,0.2990332975295381,0.2934514904437527,0.004268190968070583
311,4759,0.3389367514183652,0.3284139173335613,0.00439318832306173
312,2971,0.28037697744867046,0.2703697614967861,0.00261918866504486
313,4498,0.23143619386393952,0.2730001370461245,0.0035655815162061464
314,3470,0.2711815561959654,0.26648330390979075,0.002217665927249492
315,3914,0.1548288196218702,0.16778341733185753,0.002724981984306897
316,4574,0.3742894621775251,0.3611763491459362,0.0024348784913454705
317,4815,0.3443406022845275,0.33514907308185177,0.007935381424661377
801,4521,0.21389073213890733,0.22101112065276785,0.015116912917551946
802,3586,0.11600669269380925,0.12901776274322774,0.005684445114664481
803,1609,0.13175885643256682,0.12732831686930496,0.006184037416239866
804,4197,0.199666428401239,0.20013820050901474,0.003329915104158819
805,3164,0.154551201011378,0.15399214299169856,0.004500005044744265
806,3538,0.20124364047484455,0.19780498067658733,0.01718305048786601
807,3597,0.19321656936335835,0.19562965405913116,0.004348192615057355
808,4062,0.25824716888232396,0.25638966664464,0.005224746584069292
809,5190,0.1697495183044316,0.166598799992412,0.0022242808658023408
810,3892,0.18961973278520042,0.18685317561008996,0.007267688323442347
811,3450,0.26492753623188403,0.27436468359005506,0.004038149050149778
812,2936,0.11035422343324251,0.10878257535616095,0.00803754957964217
813,3694,0.26204656199242016,0.26530558797163567,0.02852186628377997
814,1180,0.05508474576271186,0.05472789881673249,0.0011555269394875017
815,3304,0.14164648910411623,0.1393393672581611,0.01020087080888982
816,4557,0.238973008558262,0.23871850938111336,0.00614463647187803
817,1205,0.12199170124481327,0.11919526780584853,0.0005781474136230082
901,1949,0.21959979476654695,0.21918459591977305,0.001193408008655157
999,589,0.5127334465195246,0.5130357149344565,0.001957790441942309
